{
	"x": [-15.0, -14.591836734693878, -14.183673469387756, -13.775510204081632, -13.36734693877551, -12.959183673469388, -12.551020408163264, -12.142857142857142, -11.73469387755102, -11.326530612244898, -10.918367346938776, -10.510204081632653, -10.10204081632653, -9.693877551020408, -9.285714285714285, -8.877551020408163, -8.46938775510204, -8.061224489795919, -7.653061224489796, -7.244897959183673, -6.836734693877551, -6.428571428571429, -6.020408163265305, -5.612244897959183, -5.204081632653061, -4.795918367346939, -4.387755102040817, -3.979591836734693, -3.571428571428571, -3.163265306122449, -2.7551020408163254, -2.3469387755102034, -1.9387755102040813, -1.5306122448979593, -1.1224489795918373, -0.7142857142857135, -0.3061224489795915, 0.1020408163265305, 0.5102040816326543, 0.9183673469387763, 1.3265306122448983, 1.7346938775510203, 2.1428571428571423, 2.5510204081632644, 2.95918367346939, 3.367346938775512, 3.775510204081634, 4.183673469387756, 4.591836734693878, 5.0],
	"y": [116.81339887498949, 110.86645892475377, 104.78024965439076, 98.5297350321719, 92.08245625136867, 85.39517561940569, 78.40830993529848, 71.03607686423537, 63.14749544216484, 54.52515318335573, 44.75843182635619, 32.86891323295379, 14.434151885324702, 24.86961105207336, 37.839660162190256, 47.164055382203934, 54.70965498005317, 61.12365170366521, 66.72358688942923, 71.69365458692472, 76.1520695752601, 80.18003781974005, 83.8361230999577, 87.16411735466801, 90.19768281842445, 92.96325086732118, 95.48191614402751, 97.77072035643074, 99.8435487901573, 101.71177177450176, 103.38471266028967, 104.86999430233496, 106.17379811609429, 107.30105853422236, 108.25560840718275, 109.04028602692102, 109.65701109181079, 110.10683451670047, 110.38996516830262, 110.50577513408527, 110.45278383782701, 110.22862005395152, 109.82995950840959, 109.25243413096211, 108.49050694040923, 107.53730371123754, 106.3843885444133, 105.0214645366272, 103.43597172902804, 101.61254037844387]
}
