{
	"x": [-15.0, -14.310344827586206, -13.620689655172413, -12.931034482758621, -12.241379310344827, -11.551724137931034, -10.862068965517242, -10.172413793103448, -9.482758620689655, -8.793103448275861, -8.103448275862068, -7.413793103448276, -6.724137931034482, -6.034482758620689, -5.344827586206897, -4.655172413793103, -3.9655172413793096, -3.275862068965516, -2.5862068965517224, -1.8965517241379306, -1.206896551724137, -0.5172413793103434, 0.1724137931034484, 0.862068965517242, 1.5517241379310356, 2.241379310344829, 2.9310344827586228, 3.6206896551724164, 4.310344827586206, 5.0],
	"y": [116.81339887498949, 106.6853628192924, 96.10943677175094, 84.92374777909478, 72.85688010152853, 59.39106838361523, 43.280254745685696, 18.83181694205511, 32.27198730952064, 48.841818334252196, 60.50188092402219, 69.70482915871919, 77.30340666781271, 83.71573158515297, 89.18311019845618, 93.85870874283171, 97.84572077223544, 101.21626730220868, 104.02168846780305, 106.29852430968171, 108.07213221023989, 109.35889970741091, 110.1675494303309, 110.49979457374943, 110.35046448811578, 109.70712249008675, 108.54910781387429, 106.84582062698807, 104.55389040089327, 101.61254037844387]
}
